I hate that there is no documentation for this shit	test1,test2,test3,test4,test5,test6,test7,test8,test9,test10
I hate that there is no documentation for this shit	test1,test2,test3,test4,test5,test6,test7,test8,test9,test10
I hate that there is no documentation for this shit	test1,test2,test3,test4,test5,test6,test7,test8,test9,test10
I hate that there is no documentation for this shit	test1,test2,test3,test4,test5,test6,test7,test8,test9,test10
I hate that there is no documentation for this shit	test1,test2,test3,test4,test5,test6,test7,test8,test9,test10
I hate that there is no documentation for this shit	test1,test2,test3,test4,test5,test6,test7,test8,test9,test10
I hate that there is no documentation for this shit	test1,test2,test3,test4,test5,test6,test7,test8,test9,test10
I hate that there is no documentation for this shit	test1,test2,test3,test4,test5,test6,test7,test8,test9,test10
I hate that there is no documentation for this shit	test1,test2,test3,test4,test5,test6,test7,test8,test9,test10
I hate that there is no documentation for this shit	test1,test2,test3,test4,test5,test6,test7,test8,test9,test10
I hate that there is no documentation for this shit	test1,test2,test3,test4,test5,test6,test7,test8,test9,test10
I hate that there is no documentation for this shit	test1,test2,test3,test4,test5,test6,test7,test8,test9,test10
I hate that there is no documentation for this shit	test1,test2,test3,test4,test5,test6,test7,test8,test9,test10
I hate that there is no documentation for this shit	test1,test2,test3,test4,test5,test6,test7,test8,test9,test10
I hate that there is no documentation for this shit	test1,test2,test3,test4,test5,test6,test7,test8,test9,test10
I hate that there is no documentation for this shit	test1,test2,test3,test4,test5,test6,test7,test8,test9,test10
I hate that there is no documentation for this shit	test1,test2,test3,test4,test5,test6,test7,test8,test9,test10
I hate that there is no documentation for this shit	test1,test2,test3,test4,test5,test6,test7,test8,test9,test10
I hate that there is no documentation for this shit	test1,test2,test3,test4,test5,test6,test7,test8,test9,test10
I hate that there is no documentation for this shit	test1,test2,test3,test4,test5,test6,test7,test8,test9,test10
I hate that there is no documentation for this shit	test1,test2,test3,test4,test5,test6,test7,test8,test9,test10
I hate that there is no documentation for this shit	test1,test2,test3,test4,test5,test6,test7,test8,test9,test10
I hate that there is no documentation for this shit	test1,test2,test3,test4,test5,test6,test7,test8,test9,test10
I hate that there is no documentation for this shit	test1,test2,test3,test4,test5,test6,test7,test8,test9,test10
I hate that there is no documentation for this shit	test1,test2,test3,test4,test5,test6,test7,test8,test9,test10
I hate that there is no documentation for this shit	test1,test2,test3,test4,test5,test6,test7,test8,test9,test10
I hate that there is no documentation for this shit	test1,test2,test3,test4,test5,test6,test7,test8,test9,test10
I hate that there is no documentation for this shit	test1,test2,test3,test4,test5,test6,test7,test8,test9,test10